setting,return_mean,return_std,entropy_mean,entropy_std
full,3327.7216681741606,8.082940350266187,0.5198682202756405,0.187227027319166
hidden,235.24562303618137,76.75231812048821,0.2954246624616313,0.1274804087185315
